Product ID,Name,Price,Quantity
1001,Widget A,10.99,50
1002,Widget B,15.49,30
1003,Widget C,8.99,75
1004,Widget D,20.99,25
1005,Widget E,12.99,40
1006,Widget F,18.49,20
1007,Widget G,9.99,60
1008,Widget H,14.99,35
1009,Widget I,22.99,15
1010,Widget J,16.99,45
1011,Widget K,11.49,55
1012,Widget L,19.99,10
1013,Widget M,13.99,50
1014,Widget N,21.49,25
1015,Widget O,17.99,30
1016,Widget P,10.49,65
1017,Widget Q,8.99,70
1018,Widget R,24.99,20
1019,Widget S,12.49,40
1020,Widget T,15.99,35
1021,Widget U,11.99,60
1022,Widget V,18.49,25
1023,Widget W,9.49,50
1024,Widget X,16.99,15
1025,Widget Y,14.99,40
1026,Widget Z,20.49,20
1027,Widget AA,7.99,80
1028,Widget AB,13.49,45
1029,Widget AC,19.99,25
1030,Widget AD,10.99,70
1031,Widget AE,17.49,35
1032,Widget AF,23.99,15
1033,Widget AG,12.49,50
1034,Widget AH,8.99,55
1035,Widget AI,15.99,20
1036,Widget AJ,21.49,30
1037,Widget AK,11.99,45
1038,Widget AL,18.49,25
1039,Widget AM,9.99,60
1040,Widget AN,14.49,40
1041,Widget AO,20.99,25
1042,Widget AP,16.99,50
1043,Widget AQ,10.49,70
1044,Widget AR,7.99,75
1045,Widget AS,23.49,15
1046,Widget AT,12.99,40
1047,Widget AU,19.99,20
1048,Widget AV,8.99,55
1049,Widget AW,15.49,30
1050,Widget AX,21.99,25
1051,Widget AY,13.99,50
1052,Widget AZ,10.99,60
1053,Widget BA,17.49,35
1054,Widget BB,24.99,20
1055,Widget BC,11.49,70
1056,Widget BD,18.99,25
1057,Widget BE,9.49,80
1058,Widget BF,14.99,40
1059,Widget BG,22.49,30
1060,Widget BH,16.99,45
1061,Widget BI,8.99,55
1062,Widget BJ,12.49,60
1063,Widget BK,19.99,20
1064,Widget BL,10.49,75
1065,Widget BM,17.99,35
1066,Widget BN,24.49,25
1067,Widget BO,14.99,50
1068,Widget BP,11.99,65
1069,Widget BQ,20.49,30
1070,Widget BR,13.99,70
1071,Widget BS,9.99,80
1072,Widget BT,15.49,45
1073,Widget BU,22.99,20
1074,Widget BV,18.99,25
1075,Widget BW,7.49,60
1076,Widget BX,12.99,40
1077,Widget BY,19.49,35
1078,Widget BZ,16.99,50
1079,Widget CA,10.49,70
1080,Widget CB,14.99,30
1081,Widget CC,21.49,25
1082,Widget CD,8.99,75
1083,Widget CE,15.99,40
1084,Widget CF,22.49,20
1085,Widget CG,11.99,65
1086,Widget CH,17.49,50
1087,Widget CI,24.99,15
1088,Widget CJ,13.49,60
1089,Widget CK,9.99,80
1090,Widget CL,16.49,35
1091,Widget CM,20.99,30
1092,Widget CN,12.49,45
1093,Widget CO,19.49,25
1094,Widget CP,7.99,70
1095,Widget CQ,14.49,40
1096,Widget CR,21.99,20
1097,Widget CS,10.99,55
1098,Widget CT,17.49,35
1099,Widget CU,24.99,25
1100,Widget CV,11.99,60
1101,Widget CW,18.49,20
1102,Widget CX,9.99,60
1103,Widget CY,14.99,35
1104,Widget CZ,22.99,15
1105,Widget DA,16.99,45
1106,Widget DB,11.49,55
1107,Widget DC,19.99,10
1108,Widget DD,13.99,50
1109,Widget DE,21.49,25
1110,Widget DF,17.99,30
1111,Widget DG,10.49,65
1112,Widget DH,8.99,70
1113,Widget DI,24.99,20
1114,Widget DJ,12.49,40
1115,Widget DK,15.99,35
1116,Widget DL,11.99,60
1117,Widget DM,18.49,25
1118,Widget DN,9.49,50
1119,Widget DO,16.99,15
1120,Widget DP,14.99,40
1121,Widget DQ,20.49,20
1122,Widget DR,7.99,80
1123,Widget DS,13.49,45
1124,Widget DT,19.99,25
1125,Widget DU,10.99,70
1126,Widget DV,17.49,35
1127,Widget DW,23.99,15
1128,Widget DX,12.49,50
1129,Widget DY,8.99,55
1130,Widget DZ,15.99,20
1131,Widget EA,21.49,30
1132,Widget EB,11.99,45
1133,Widget EC,18.49,25
1134,Widget ED,9.99,60
1135,Widget EE,14.49,40
1136,Widget EF,20.99,25
1137,Widget EG,16.99,50
1138,Widget EH,10.49,70
1139,Widget EI,7.99,75
1140,Widget EJ,23.49,15
1141,Widget EK,12.99,40
1142,Widget EL,19.99,20
1143,Widget EM,8.99,55
1144,Widget EN,15.49,30
1145,Widget EO,21.99,25
1146,Widget EP,13.99,50
1147,Widget EQ,10.99,60
1148,Widget ER,17.49,35
1149,Widget ES,24.99,20
1150,Widget ET,11.49,70
1151,Widget EU,18.99,25
1152,Widget EV,9.49,80
1153,Widget EW,14.99,40
1154,Widget EX,22.49,30
1155,Widget EY,16.99,45
1156,Widget EZ,8.99,55
1157,Widget FA,12.49,60
1158,Widget FB,19.99,20
1159,Widget FC,10.49,75
1160,Widget FD,17.99,35
1161,Widget FE,24.49,25
1162,Widget FF,14.99,50
1163,Widget FG,11.99,65
1164,Widget FH,20.49,30
1165,Widget FI,13.99,70
1166,Widget FJ,9.99,80
1167,Widget FK,15.49,45
1168,Widget FL,22.99,20
1169,Widget FM,18.99,25
1170,Widget FN,7.49,60
1171,Widget FO,12.99,40
1172,Widget FP,19.49,35
1173,Widget FQ,16.99,50
1174,Widget FR,10.49,70
1175,Widget FS,14.99,30
1176,Widget FT,21.49,25
1177,Widget FU,8.99,75
1178,Widget FV,15.99,40
1179,Widget FW,22.49,20
1180,Widget FX,11.99,65
1181,Widget FY,17.49,50
1182,Widget FZ,24.99,15
1183,Widget GA,13.49,60
1184,Widget GB,9.99,80
1185,Widget GC,16.49,35
1186,Widget GD,20.99,30
1187,Widget GE,12.49,45
1188,Widget GF,19.49,25
1189,Widget GG,7.99,70
1190,Widget GH,14.49,40
1191,Widget GI,21.99,20
1192,Widget GJ,10.99,55
1193,Widget GK,17.49,35
1194,Widget GL,24.99,25
1195,Widget GM,11.99,60
1196,Widget GN,18.49,20
1197,Widget GO,9.99,60
1198,Widget GP,14.99,35
1199,Widget GQ,22.99,15
1200,Widget GR,16.99,45
